-- Dev / local seed data. Not appropriate for production.
-- Combines: default Store row (was in 20260412110000_multi_tenancy)
-- + Shopify-backed master data from 8954cc.myshopify.com.
-- Shopify products are represented here as ProductCategory rows.
-- Shopify variants are represented here as Product rows.
-- Product rows whose only stable identifier was a synthetic SKU prefixed with

INSERT INTO "Store" ("id", "slug", "name", "createdAt", "updatedAt")
VALUES (
    '4e5db5c0-0cc8-4e6a-8d40-cc5ce5131c13',
    'arcane-fortress',
    'Arcane Fortress',
    CURRENT_TIMESTAMP,
    CURRENT_TIMESTAMP
)
ON CONFLICT ("slug") DO UPDATE
SET
    "name" = EXCLUDED."name",
    "updatedAt" = CURRENT_TIMESTAMP;

INSERT INTO "User" ("id", "keycloakSub", "email", "name", "updatedAt")
VALUES (
  '00000000-0000-4000-8000-000000000001',
  '00000000-0000-4000-8000-000000000002',
  'seed.mock@po-app.local',
  'Seed (Shopify catalog)',
  CURRENT_TIMESTAMP
);

INSERT INTO "UserStore" ("userId", "storeId", "createdAt")
SELECT
  '00000000-0000-4000-8000-000000000001',
  s."id",
  CURRENT_TIMESTAMP
FROM "Store" s
WHERE s."slug" = 'arcane-fortress'
ON CONFLICT ("userId", "storeId") DO NOTHING;

INSERT INTO "Manufacturer" ("id", "name", "logoKey", "region", "updatedAt", "createdById", "storeId")
SELECT
  'a0000001-0000-4000-8000-000000000001',
  'Arcane Fortress',
  NULL,
  'United States',
  CURRENT_TIMESTAMP,
  '00000000-0000-4000-8000-000000000001',
  s."id"
FROM "Store" s
WHERE s."slug" = 'arcane-fortress'
ON CONFLICT ("id") DO UPDATE
SET
  "name" = EXCLUDED."name",
  "region" = EXCLUDED."region",
  "storeId" = EXCLUDED."storeId",
  "updatedAt" = CURRENT_TIMESTAMP;

INSERT INTO "SaleChannel" ("id", "name", "logoKey", "type", "updatedAt", "createdById", "storeId")
VALUES
  (
    'b0000001-0000-4000-8000-000000000001',
    'PHD',
    NULL,
    'distributor',
    CURRENT_TIMESTAMP,
    '00000000-0000-4000-8000-000000000001',
    (SELECT "id" FROM "Store" WHERE "slug" = 'arcane-fortress')
  ),
  (
    'b0000001-0000-4000-8000-000000000002',
    'Amazon US Storefront',
    NULL,
    'amazon',
    CURRENT_TIMESTAMP,
    '00000000-0000-4000-8000-000000000001',
    (SELECT "id" FROM "Store" WHERE "slug" = 'arcane-fortress')
  ),
  (
    'b0000001-0000-4000-8000-000000000003',
    'CJ Dropshipping',
    NULL,
    'cjdropshipping',
    CURRENT_TIMESTAMP,
    '00000000-0000-4000-8000-000000000001',
    (SELECT "id" FROM "Store" WHERE "slug" = 'arcane-fortress')
  );

INSERT INTO "ProductCategory" ("id", "name", "storeId", "updatedAt", "createdById")
VALUES
  ('d0000001-0000-4000-8000-000000000001', '100+ 3-Pack (Mix & Match) new', (SELECT "id" FROM "Store" WHERE "slug" = 'arcane-fortress'), CURRENT_TIMESTAMP, '00000000-0000-4000-8000-000000000001'),
  ('d0000001-0000-4000-8000-000000000002', '9-Pocket Binder (360 Card Capacity)', (SELECT "id" FROM "Store" WHERE "slug" = 'arcane-fortress'), CURRENT_TIMESTAMP, '00000000-0000-4000-8000-000000000001'),
  ('d0000001-0000-4000-8000-000000000003', 'Artwork and Solid Bordered Inner Sleeves Bundle', (SELECT "id" FROM "Store" WHERE "slug" = 'arcane-fortress'), CURRENT_TIMESTAMP, '00000000-0000-4000-8000-000000000001'),
  ('d0000001-0000-4000-8000-000000000004', 'Artwork Sleeves', (SELECT "id" FROM "Store" WHERE "slug" = 'arcane-fortress'), CURRENT_TIMESTAMP, '00000000-0000-4000-8000-000000000001'),
  ('d0000001-0000-4000-8000-000000000005', 'Bad Faith Sleeves', (SELECT "id" FROM "Store" WHERE "slug" = 'arcane-fortress'), CURRENT_TIMESTAMP, '00000000-0000-4000-8000-000000000001'),
  ('d0000001-0000-4000-8000-000000000006', 'Beerserk® Energy Drink', (SELECT "id" FROM "Store" WHERE "slug" = 'arcane-fortress'), CURRENT_TIMESTAMP, '00000000-0000-4000-8000-000000000001'),
  ('d0000001-0000-4000-8000-000000000007', 'Black Stained Glass Playmat Carton (8pc)', (SELECT "id" FROM "Store" WHERE "slug" = 'arcane-fortress'), CURRENT_TIMESTAMP, '00000000-0000-4000-8000-000000000001'),
  ('d0000001-0000-4000-8000-000000000008', 'Black Stained Glass Standard Carton (53pc)', (SELECT "id" FROM "Store" WHERE "slug" = 'arcane-fortress'), CURRENT_TIMESTAMP, '00000000-0000-4000-8000-000000000001'),
  ('d0000001-0000-4000-8000-000000000009', 'Blue Stained Glass Playmat Carton (23pc)', (SELECT "id" FROM "Store" WHERE "slug" = 'arcane-fortress'), CURRENT_TIMESTAMP, '00000000-0000-4000-8000-000000000001'),
  ('d0000001-0000-4000-8000-00000000000a', 'Blue Stained Glass Standard Carton (18pc)', (SELECT "id" FROM "Store" WHERE "slug" = 'arcane-fortress'), CURRENT_TIMESTAMP, '00000000-0000-4000-8000-000000000001'),
  ('d0000001-0000-4000-8000-00000000000e', 'Deck Box Main', (SELECT "id" FROM "Store" WHERE "slug" = 'arcane-fortress'), CURRENT_TIMESTAMP, '00000000-0000-4000-8000-000000000001'),
  ('d0000001-0000-4000-8000-00000000000f', 'dragon playmat', (SELECT "id" FROM "Store" WHERE "slug" = 'arcane-fortress'), CURRENT_TIMESTAMP, '00000000-0000-4000-8000-000000000001'),
  ('d0000001-0000-4000-8000-000000000010', 'Dragon Radiant 100+ Deck Box', (SELECT "id" FROM "Store" WHERE "slug" = 'arcane-fortress'), CURRENT_TIMESTAMP, '00000000-0000-4000-8000-000000000001'),
  ('d0000001-0000-4000-8000-000000000011', 'Elemental Deck Box', (SELECT "id" FROM "Store" WHERE "slug" = 'arcane-fortress'), CURRENT_TIMESTAMP, '00000000-0000-4000-8000-000000000001'),
  ('d0000001-0000-4000-8000-000000000012', 'Elemental Dice Set', (SELECT "id" FROM "Store" WHERE "slug" = 'arcane-fortress'), CURRENT_TIMESTAMP, '00000000-0000-4000-8000-000000000001'),
  ('d0000001-0000-4000-8000-000000000013', 'Eshpur 100+ Deck Box', (SELECT "id" FROM "Store" WHERE "slug" = 'arcane-fortress'), CURRENT_TIMESTAMP, '00000000-0000-4000-8000-000000000001'),
  ('d0000001-0000-4000-8000-000000000014', 'Eshpur Playmat', (SELECT "id" FROM "Store" WHERE "slug" = 'arcane-fortress'), CURRENT_TIMESTAMP, '00000000-0000-4000-8000-000000000001'),
  ('d0000001-0000-4000-8000-000000000015', 'Fire & Ice Stained Glass Playmat Carton (11pc)', (SELECT "id" FROM "Store" WHERE "slug" = 'arcane-fortress'), CURRENT_TIMESTAMP, '00000000-0000-4000-8000-000000000001'),
  ('d0000001-0000-4000-8000-000000000016', 'Golden Lotus Field Playmat', (SELECT "id" FROM "Store" WHERE "slug" = 'arcane-fortress'), CURRENT_TIMESTAMP, '00000000-0000-4000-8000-000000000001'),
  ('d0000001-0000-4000-8000-000000000017', 'Green Stained Glass Playmat Carton (7pc)', (SELECT "id" FROM "Store" WHERE "slug" = 'arcane-fortress'), CURRENT_TIMESTAMP, '00000000-0000-4000-8000-000000000001'),
  ('d0000001-0000-4000-8000-000000000018', 'Green Stained Glass Standard Carton (76pc)', (SELECT "id" FROM "Store" WHERE "slug" = 'arcane-fortress'), CURRENT_TIMESTAMP, '00000000-0000-4000-8000-000000000001'),
  ('d0000001-0000-4000-8000-000000000019', 'Hidden Lotus Playmat', (SELECT "id" FROM "Store" WHERE "slug" = 'arcane-fortress'), CURRENT_TIMESTAMP, '00000000-0000-4000-8000-000000000001'),
  ('d0000001-0000-4000-8000-00000000001a', 'Matte Artwork Sleeves 100 ct. (Standard Size)', (SELECT "id" FROM "Store" WHERE "slug" = 'arcane-fortress'), CURRENT_TIMESTAMP, '00000000-0000-4000-8000-000000000001'),
  ('d0000001-0000-4000-8000-00000000001b', 'Matte Sleeves / 100 Per Box', (SELECT "id" FROM "Store" WHERE "slug" = 'arcane-fortress'), CURRENT_TIMESTAMP, '00000000-0000-4000-8000-000000000001'),
  ('d0000001-0000-4000-8000-00000000001c', 'Matte Sleeves 100', (SELECT "id" FROM "Store" WHERE "slug" = 'arcane-fortress'), CURRENT_TIMESTAMP, '00000000-0000-4000-8000-000000000001'),
  ('d0000001-0000-4000-8000-00000000001d', 'Matte TCG Sleeves / 100 Per Box', (SELECT "id" FROM "Store" WHERE "slug" = 'arcane-fortress'), CURRENT_TIMESTAMP, '00000000-0000-4000-8000-000000000001'),
  ('d0000001-0000-4000-8000-00000000001e', 'Matte TCG Sleeves / 100 Per Box', (SELECT "id" FROM "Store" WHERE "slug" = 'arcane-fortress'), CURRENT_TIMESTAMP, '00000000-0000-4000-8000-000000000001'),
  ('d0000001-0000-4000-8000-00000000001f', 'New Stained Glass Radiant 100+ Deck Box', (SELECT "id" FROM "Store" WHERE "slug" = 'arcane-fortress'), CURRENT_TIMESTAMP, '00000000-0000-4000-8000-000000000001'),
  ('d0000001-0000-4000-8000-000000000020', 'Pink Stained Glass Playmat Carton (10pc)', (SELECT "id" FROM "Store" WHERE "slug" = 'arcane-fortress'), CURRENT_TIMESTAMP, '00000000-0000-4000-8000-000000000001'),
  ('d0000001-0000-4000-8000-000000000021', 'Pink Stained Glass Standard Carton (27pc)', (SELECT "id" FROM "Store" WHERE "slug" = 'arcane-fortress'), CURRENT_TIMESTAMP, '00000000-0000-4000-8000-000000000001'),
  ('d0000001-0000-4000-8000-000000000022', 'Radiant 100+ 3-Pack (Mix & Match)', (SELECT "id" FROM "Store" WHERE "slug" = 'arcane-fortress'), CURRENT_TIMESTAMP, '00000000-0000-4000-8000-000000000001'),
  ('d0000001-0000-4000-8000-000000000023', 'Radiant 100+ 6-Pack (Mix & Match)', (SELECT "id" FROM "Store" WHERE "slug" = 'arcane-fortress'), CURRENT_TIMESTAMP, '00000000-0000-4000-8000-000000000001'),
  ('d0000001-0000-4000-8000-000000000024', 'Radiant 100+ Deck Box & Playmat Set (mix & match)', (SELECT "id" FROM "Store" WHERE "slug" = 'arcane-fortress'), CURRENT_TIMESTAMP, '00000000-0000-4000-8000-000000000001'),
  ('d0000001-0000-4000-8000-000000000025', 'Radiant 100+ Deck Vault', (SELECT "id" FROM "Store" WHERE "slug" = 'arcane-fortress'), CURRENT_TIMESTAMP, '00000000-0000-4000-8000-000000000001'),
  ('d0000001-0000-4000-8000-000000000026', 'Radiant 200+ Deck Cabinet', (SELECT "id" FROM "Store" WHERE "slug" = 'arcane-fortress'), CURRENT_TIMESTAMP, '00000000-0000-4000-8000-000000000001'),
  ('d0000001-0000-4000-8000-000000000027', 'Radiant Chest', (SELECT "id" FROM "Store" WHERE "slug" = 'arcane-fortress'), CURRENT_TIMESTAMP, '00000000-0000-4000-8000-000000000001'),
  ('d0000001-0000-4000-8000-000000000028', 'Radiant playmat 3-pack (mix & match)', (SELECT "id" FROM "Store" WHERE "slug" = 'arcane-fortress'), CURRENT_TIMESTAMP, '00000000-0000-4000-8000-000000000001'),
  ('d0000001-0000-4000-8000-000000000029', 'Radiant playmat 6-pack (mix & match)', (SELECT "id" FROM "Store" WHERE "slug" = 'arcane-fortress'), CURRENT_TIMESTAMP, '00000000-0000-4000-8000-000000000001'),
  ('d0000001-0000-4000-8000-00000000002a', 'Radiant Playmat Bag', (SELECT "id" FROM "Store" WHERE "slug" = 'arcane-fortress'), CURRENT_TIMESTAMP, '00000000-0000-4000-8000-000000000001'),
  ('d0000001-0000-4000-8000-00000000002b', 'Radiant Stained Glass Deck Box Bundle', (SELECT "id" FROM "Store" WHERE "slug" = 'arcane-fortress'), CURRENT_TIMESTAMP, '00000000-0000-4000-8000-000000000001'),
  ('d0000001-0000-4000-8000-00000000002c', 'Radiant Starter Kit (mix & match)', (SELECT "id" FROM "Store" WHERE "slug" = 'arcane-fortress'), CURRENT_TIMESTAMP, '00000000-0000-4000-8000-000000000001'),
  ('d0000001-0000-4000-8000-00000000002d', 'Red Stained Glass Deluxe 2 Dividers Carton (15pc)', (SELECT "id" FROM "Store" WHERE "slug" = 'arcane-fortress'), CURRENT_TIMESTAMP, '00000000-0000-4000-8000-000000000001'),
  ('d0000001-0000-4000-8000-00000000002e', 'Red Stained Glass Playmat Carton (6pc)', (SELECT "id" FROM "Store" WHERE "slug" = 'arcane-fortress'), CURRENT_TIMESTAMP, '00000000-0000-4000-8000-000000000001'),
  ('d0000001-0000-4000-8000-00000000002f', 'Red Stained Glass Standard Carton (56pc)', (SELECT "id" FROM "Store" WHERE "slug" = 'arcane-fortress'), CURRENT_TIMESTAMP, '00000000-0000-4000-8000-000000000001'),
  ('d0000001-0000-4000-8000-000000000030', 'Shuffling Assistant', (SELECT "id" FROM "Store" WHERE "slug" = 'arcane-fortress'), CURRENT_TIMESTAMP, '00000000-0000-4000-8000-000000000001'),
  ('d0000001-0000-4000-8000-000000000031', 'Solid Bordered Inner Sleeves 100', (SELECT "id" FROM "Store" WHERE "slug" = 'arcane-fortress'), CURRENT_TIMESTAMP, '00000000-0000-4000-8000-000000000001'),
  ('d0000001-0000-4000-8000-000000000032', 'Stained Glass 100 Standard Size Sleeves', (SELECT "id" FROM "Store" WHERE "slug" = 'arcane-fortress'), CURRENT_TIMESTAMP, '00000000-0000-4000-8000-000000000001'),
  ('d0000001-0000-4000-8000-000000000033', 'Stained Glass Card Binder', (SELECT "id" FROM "Store" WHERE "slug" = 'arcane-fortress'), CURRENT_TIMESTAMP, '00000000-0000-4000-8000-000000000001'),
  ('d0000001-0000-4000-8000-000000000034', 'Stained Glass Deck Box and Sleeves Bundle', (SELECT "id" FROM "Store" WHERE "slug" = 'arcane-fortress'), CURRENT_TIMESTAMP, '00000000-0000-4000-8000-000000000001'),
  ('d0000001-0000-4000-8000-000000000035', 'Stained Glass Deluxe 2 Dividers Carton (45pc)', (SELECT "id" FROM "Store" WHERE "slug" = 'arcane-fortress'), CURRENT_TIMESTAMP, '00000000-0000-4000-8000-000000000001'),
  ('d0000001-0000-4000-8000-000000000037', 'Stained Glass Playmat Carton (25pc)', (SELECT "id" FROM "Store" WHERE "slug" = 'arcane-fortress'), CURRENT_TIMESTAMP, '00000000-0000-4000-8000-000000000001'),
  ('d0000001-0000-4000-8000-000000000038', 'Stained Glass Playmats', (SELECT "id" FROM "Store" WHERE "slug" = 'arcane-fortress'), CURRENT_TIMESTAMP, '00000000-0000-4000-8000-000000000001'),
  ('d0000001-0000-4000-8000-000000000039', 'Stained Glass Radiant 100+ Deck Box', (SELECT "id" FROM "Store" WHERE "slug" = 'arcane-fortress'), CURRENT_TIMESTAMP, '00000000-0000-4000-8000-000000000001'),
  ('d0000001-0000-4000-8000-00000000003a', 'Stained Glass Radiant 100+ Deck Box (with videos)', (SELECT "id" FROM "Store" WHERE "slug" = 'arcane-fortress'), CURRENT_TIMESTAMP, '00000000-0000-4000-8000-000000000001'),
  ('d0000001-0000-4000-8000-00000000003c', 'Standard Playmat 24" x 14" (Stitched)', (SELECT "id" FROM "Store" WHERE "slug" = 'arcane-fortress'), CURRENT_TIMESTAMP, '00000000-0000-4000-8000-000000000001'),
  ('d0000001-0000-4000-8000-00000000003d', 'Synergy Inner Sleeves (Standard Size)', (SELECT "id" FROM "Store" WHERE "slug" = 'arcane-fortress'), CURRENT_TIMESTAMP, '00000000-0000-4000-8000-000000000001'),
  ('d0000001-0000-4000-8000-00000000003f', 'Top Loaders', (SELECT "id" FROM "Store" WHERE "slug" = 'arcane-fortress'), CURRENT_TIMESTAMP, '00000000-0000-4000-8000-000000000001'),
  ('d0000001-0000-4000-8000-000000000040', 'ukiyo-e tenkai 100+ deck box', (SELECT "id" FROM "Store" WHERE "slug" = 'arcane-fortress'), CURRENT_TIMESTAMP, '00000000-0000-4000-8000-000000000001'),
  ('d0000001-0000-4000-8000-000000000041', 'Vault 100+ Deck Box', (SELECT "id" FROM "Store" WHERE "slug" = 'arcane-fortress'), CURRENT_TIMESTAMP, '00000000-0000-4000-8000-000000000001'),
  ('d0000001-0000-4000-8000-000000000042', 'White Stained Glass Deluxe 2 Dividers Carton (31pc)', (SELECT "id" FROM "Store" WHERE "slug" = 'arcane-fortress'), CURRENT_TIMESTAMP, '00000000-0000-4000-8000-000000000001'),
  ('d0000001-0000-4000-8000-000000000043', 'White Stained Glass Playmat Carton (18pc)', (SELECT "id" FROM "Store" WHERE "slug" = 'arcane-fortress'), CURRENT_TIMESTAMP, '00000000-0000-4000-8000-000000000001'),
  ('d0000001-0000-4000-8000-000000000044', 'White Stained Glass Standard Carton (68pc)', (SELECT "id" FROM "Store" WHERE "slug" = 'arcane-fortress'), CURRENT_TIMESTAMP, '00000000-0000-4000-8000-000000000001'),
  ('d0000001-0000-4000-8000-000000000045', 'Zipper Binder', (SELECT "id" FROM "Store" WHERE "slug" = 'arcane-fortress'), CURRENT_TIMESTAMP, '00000000-0000-4000-8000-000000000001');

INSERT INTO "Product" (
  "id",
  "name",
  "sku",
  "cost",
  "price",
  "imageKey",
  "barcodeKey",
  "packagingKey",
  "storeId",
  "defaultManufacturerId",
  "categoryId",
  "verified",
  "updatedAt",
  "createdById"
)
VALUES
  ('c0000001-0000-4000-8000-000000000002', 'Black - Cursed Lotus', 'L9PB-UE-CL', NULL, 27.95, NULL, NULL, NULL, (SELECT "id" FROM "Store" WHERE "slug" = 'arcane-fortress'), 'a0000001-0000-4000-8000-000000000001', 'd0000001-0000-4000-8000-000000000002', true, CURRENT_TIMESTAMP, '00000000-0000-4000-8000-000000000001'),
  ('c0000001-0000-4000-8000-000000000003', 'Green - Verdant Sanctuary', 'L9PB-UE-VS', NULL, 27.95, NULL, NULL, NULL, (SELECT "id" FROM "Store" WHERE "slug" = 'arcane-fortress'), 'a0000001-0000-4000-8000-000000000001', 'd0000001-0000-4000-8000-000000000002', true, CURRENT_TIMESTAMP, '00000000-0000-4000-8000-000000000001'),
  ('c0000001-0000-4000-8000-000000000004', 'Red - Crimson Ridge', 'L9PB-UE-CR', NULL, 27.95, NULL, NULL, NULL, (SELECT "id" FROM "Store" WHERE "slug" = 'arcane-fortress'), 'a0000001-0000-4000-8000-000000000001', 'd0000001-0000-4000-8000-000000000002', true, CURRENT_TIMESTAMP, '00000000-0000-4000-8000-000000000001'),
  ('c0000001-0000-4000-8000-000000000005', 'Black - Marsh of the Unspoken', 'L9PB-UE-MU', NULL, 27.95, NULL, NULL, NULL, (SELECT "id" FROM "Store" WHERE "slug" = 'arcane-fortress'), 'a0000001-0000-4000-8000-000000000001', 'd0000001-0000-4000-8000-000000000002', true, CURRENT_TIMESTAMP, '00000000-0000-4000-8000-000000000001'),
  ('c0000001-0000-4000-8000-000000000006', 'Blue - Echoes of the Deep', 'L9PB-UE-DP', NULL, 27.95, NULL, NULL, NULL, (SELECT "id" FROM "Store" WHERE "slug" = 'arcane-fortress'), 'a0000001-0000-4000-8000-000000000001', 'd0000001-0000-4000-8000-000000000002', true, CURRENT_TIMESTAMP, '00000000-0000-4000-8000-000000000001'),
  ('c0000001-0000-4000-8000-000000000007', 'White - Dusk Over Edo', 'L9PB-UE-ED', NULL, 27.95, NULL, NULL, NULL, (SELECT "id" FROM "Store" WHERE "slug" = 'arcane-fortress'), 'a0000001-0000-4000-8000-000000000001', 'd0000001-0000-4000-8000-000000000002', true, CURRENT_TIMESTAMP, '00000000-0000-4000-8000-000000000001'),
  ('c0000001-0000-4000-8000-000000000008', 'Blue - Emperor of the Deep', 'L9PB-UE-EDP', NULL, 27.95, NULL, NULL, NULL, (SELECT "id" FROM "Store" WHERE "slug" = 'arcane-fortress'), 'a0000001-0000-4000-8000-000000000001', 'd0000001-0000-4000-8000-000000000002', true, CURRENT_TIMESTAMP, '00000000-0000-4000-8000-000000000001'),
  ('c0000001-0000-4000-8000-000000000009', 'Black - Spirit of the Candle', 'L9PB-UE-SC', NULL, 27.95, NULL, NULL, NULL, (SELECT "id" FROM "Store" WHERE "slug" = 'arcane-fortress'), 'a0000001-0000-4000-8000-000000000001', 'd0000001-0000-4000-8000-000000000002', true, CURRENT_TIMESTAMP, '00000000-0000-4000-8000-000000000001'),
  ('c0000001-0000-4000-8000-00000000000a', 'White - Golden Plains', 'L9PB-WH-GP-24', NULL, 27.95, NULL, NULL, NULL, (SELECT "id" FROM "Store" WHERE "slug" = 'arcane-fortress'), 'a0000001-0000-4000-8000-000000000001', 'd0000001-0000-4000-8000-000000000002', true, CURRENT_TIMESTAMP, '00000000-0000-4000-8000-000000000001'),
  ('c0000001-0000-4000-8000-00000000000b', 'Blue - Hidden Island', 'L9PB-BL-HI-24', NULL, 27.95, NULL, NULL, NULL, (SELECT "id" FROM "Store" WHERE "slug" = 'arcane-fortress'), 'a0000001-0000-4000-8000-000000000001', 'd0000001-0000-4000-8000-000000000002', true, CURRENT_TIMESTAMP, '00000000-0000-4000-8000-000000000001'),
  ('c0000001-0000-4000-8000-00000000000c', 'Black - Decaying Swamp', 'L9PB-BK-DS-24', NULL, 27.95, NULL, NULL, NULL, (SELECT "id" FROM "Store" WHERE "slug" = 'arcane-fortress'), 'a0000001-0000-4000-8000-000000000001', 'd0000001-0000-4000-8000-000000000002', true, CURRENT_TIMESTAMP, '00000000-0000-4000-8000-000000000001'),
  ('c0000001-0000-4000-8000-00000000000d', 'Red - Burning Mountain', 'L9PB-RD-BM-24', NULL, 27.95, NULL, NULL, NULL, (SELECT "id" FROM "Store" WHERE "slug" = 'arcane-fortress'), 'a0000001-0000-4000-8000-000000000001', 'd0000001-0000-4000-8000-000000000002', true, CURRENT_TIMESTAMP, '00000000-0000-4000-8000-000000000001'),
  ('c0000001-0000-4000-8000-00000000000e', 'Green - Mythical Forest', 'L9PB-GR-MF-24', NULL, 27.95, NULL, NULL, NULL, (SELECT "id" FROM "Store" WHERE "slug" = 'arcane-fortress'), 'a0000001-0000-4000-8000-000000000001', 'd0000001-0000-4000-8000-000000000002', true, CURRENT_TIMESTAMP, '00000000-0000-4000-8000-000000000001'),
  ('c0000001-0000-4000-8000-00000000000f', 'Pink - Blossom Grace', 'L9PB-PK-BG-24', NULL, 27.95, NULL, NULL, NULL, (SELECT "id" FROM "Store" WHERE "slug" = 'arcane-fortress'), 'a0000001-0000-4000-8000-000000000001', 'd0000001-0000-4000-8000-000000000002', true, CURRENT_TIMESTAMP, '00000000-0000-4000-8000-000000000001'),
  ('c0000001-0000-4000-8000-000000000010', 'Red/Blue - Fire and Ice Dragon', 'L9PB-FID-RB-24', NULL, 27.95, NULL, NULL, NULL, (SELECT "id" FROM "Store" WHERE "slug" = 'arcane-fortress'), 'a0000001-0000-4000-8000-000000000001', 'd0000001-0000-4000-8000-000000000002', true, CURRENT_TIMESTAMP, '00000000-0000-4000-8000-000000000001'),
  ('c0000001-0000-4000-8000-000000000011', 'White - Divine Protection', 'L9PB-WH-DP-24', NULL, 27.95, NULL, NULL, NULL, (SELECT "id" FROM "Store" WHERE "slug" = 'arcane-fortress'), 'a0000001-0000-4000-8000-000000000001', 'd0000001-0000-4000-8000-000000000002', true, CURRENT_TIMESTAMP, '00000000-0000-4000-8000-000000000001'),
  ('c0000001-0000-4000-8000-000000000012', 'Blue - Winter''s War', 'L9PB-BL-WW-24', NULL, 27.95, NULL, NULL, NULL, (SELECT "id" FROM "Store" WHERE "slug" = 'arcane-fortress'), 'a0000001-0000-4000-8000-000000000001', 'd0000001-0000-4000-8000-000000000002', true, CURRENT_TIMESTAMP, '00000000-0000-4000-8000-000000000001'),
  ('c0000001-0000-4000-8000-000000000013', 'Black - Forbidden Ritual', 'L9PB-BK-FR-24', NULL, 27.95, NULL, NULL, NULL, (SELECT "id" FROM "Store" WHERE "slug" = 'arcane-fortress'), 'a0000001-0000-4000-8000-000000000001', 'd0000001-0000-4000-8000-000000000002', true, CURRENT_TIMESTAMP, '00000000-0000-4000-8000-000000000001'),
  ('c0000001-0000-4000-8000-000000000014', 'Red - Volcanic Rebirth', 'L9PB-RD-VR-24', NULL, 27.95, NULL, NULL, NULL, (SELECT "id" FROM "Store" WHERE "slug" = 'arcane-fortress'), 'a0000001-0000-4000-8000-000000000001', 'd0000001-0000-4000-8000-000000000002', true, CURRENT_TIMESTAMP, '00000000-0000-4000-8000-000000000001'),
  ('c0000001-0000-4000-8000-000000000015', 'Green - Nature''s Retribution', 'L9PB-GR-NR-24', NULL, 27.95, NULL, NULL, NULL, (SELECT "id" FROM "Store" WHERE "slug" = 'arcane-fortress'), 'a0000001-0000-4000-8000-000000000001', 'd0000001-0000-4000-8000-000000000002', true, CURRENT_TIMESTAMP, '00000000-0000-4000-8000-000000000001'),
  ('c0000001-0000-4000-8000-000000000016', 'Purple - Cosmic Genesis', 'L9PB-PP-CG-24', NULL, 27.95, NULL, NULL, NULL, (SELECT "id" FROM "Store" WHERE "slug" = 'arcane-fortress'), 'a0000001-0000-4000-8000-000000000001', 'd0000001-0000-4000-8000-000000000002', true, CURRENT_TIMESTAMP, '00000000-0000-4000-8000-000000000001'),
  ('c0000001-0000-4000-8000-000000000018', 'White - Golden Plains', 'AF-SLV-GP01', NULL, 12.00, NULL, NULL, NULL, (SELECT "id" FROM "Store" WHERE "slug" = 'arcane-fortress'), 'a0000001-0000-4000-8000-000000000001', 'd0000001-0000-4000-8000-000000000004', true, CURRENT_TIMESTAMP, '00000000-0000-4000-8000-000000000001'),
  ('c0000001-0000-4000-8000-000000000019', 'Blue - Hidden Island', 'AF-SLV-HI02', NULL, 12.00, NULL, NULL, NULL, (SELECT "id" FROM "Store" WHERE "slug" = 'arcane-fortress'), 'a0000001-0000-4000-8000-000000000001', 'd0000001-0000-4000-8000-000000000004', true, CURRENT_TIMESTAMP, '00000000-0000-4000-8000-000000000001'),
  ('c0000001-0000-4000-8000-00000000001a', 'Black - Decaying Swamp', 'AF-SLV-DS03', NULL, 12.00, NULL, NULL, NULL, (SELECT "id" FROM "Store" WHERE "slug" = 'arcane-fortress'), 'a0000001-0000-4000-8000-000000000001', 'd0000001-0000-4000-8000-000000000004', true, CURRENT_TIMESTAMP, '00000000-0000-4000-8000-000000000001'),
  ('c0000001-0000-4000-8000-00000000001b', 'Red - Burning Mountain', 'AF-SLV-BM04', NULL, 12.00, NULL, NULL, NULL, (SELECT "id" FROM "Store" WHERE "slug" = 'arcane-fortress'), 'a0000001-0000-4000-8000-000000000001', 'd0000001-0000-4000-8000-000000000004', true, CURRENT_TIMESTAMP, '00000000-0000-4000-8000-000000000001'),
  ('c0000001-0000-4000-8000-00000000001c', 'Green - Mythical Forest', 'AF-SLV-MF05', NULL, 12.00, NULL, NULL, NULL, (SELECT "id" FROM "Store" WHERE "slug" = 'arcane-fortress'), 'a0000001-0000-4000-8000-000000000001', 'd0000001-0000-4000-8000-000000000004', true, CURRENT_TIMESTAMP, '00000000-0000-4000-8000-000000000001'),
  ('c0000001-0000-4000-8000-00000000001d', 'Horror - House of Horror', 'AF-SLV-HH06', NULL, 12.00, NULL, NULL, NULL, (SELECT "id" FROM "Store" WHERE "slug" = 'arcane-fortress'), 'a0000001-0000-4000-8000-000000000001', 'd0000001-0000-4000-8000-000000000004', true, CURRENT_TIMESTAMP, '00000000-0000-4000-8000-000000000001'),
  ('c0000001-0000-4000-8000-00000000001e', 'White', 'BF-MS-BW100', NULL, 9.95, NULL, NULL, NULL, (SELECT "id" FROM "Store" WHERE "slug" = 'arcane-fortress'), 'a0000001-0000-4000-8000-000000000001', 'd0000001-0000-4000-8000-000000000005', true, CURRENT_TIMESTAMP, '00000000-0000-4000-8000-000000000001'),
  ('c0000001-0000-4000-8000-00000000001f', 'Black', 'BF-MS-OB100', NULL, 9.95, NULL, NULL, NULL, (SELECT "id" FROM "Store" WHERE "slug" = 'arcane-fortress'), 'a0000001-0000-4000-8000-000000000001', 'd0000001-0000-4000-8000-000000000005', true, CURRENT_TIMESTAMP, '00000000-0000-4000-8000-000000000001'),
  ('c0000001-0000-4000-8000-00000000005f', 'Black - Cursed Lotus', 'SLV-UE-CL', NULL, 14.95, NULL, NULL, NULL, (SELECT "id" FROM "Store" WHERE "slug" = 'arcane-fortress'), 'a0000001-0000-4000-8000-000000000001', 'd0000001-0000-4000-8000-00000000001a', true, CURRENT_TIMESTAMP, '00000000-0000-4000-8000-000000000001'),
  ('c0000001-0000-4000-8000-000000000060', 'Green - Verdant Sanctuary', 'SLV-UE-VS', NULL, 14.95, NULL, NULL, NULL, (SELECT "id" FROM "Store" WHERE "slug" = 'arcane-fortress'), 'a0000001-0000-4000-8000-000000000001', 'd0000001-0000-4000-8000-00000000001a', true, CURRENT_TIMESTAMP, '00000000-0000-4000-8000-000000000001'),
  ('c0000001-0000-4000-8000-000000000061', 'Red - Crimson Ridge', 'SLV-UE-CR', NULL, 14.95, NULL, NULL, NULL, (SELECT "id" FROM "Store" WHERE "slug" = 'arcane-fortress'), 'a0000001-0000-4000-8000-000000000001', 'd0000001-0000-4000-8000-00000000001a', true, CURRENT_TIMESTAMP, '00000000-0000-4000-8000-000000000001'),
  ('c0000001-0000-4000-8000-000000000062', 'Black - Marsh of the Unspoken', 'SLV-UE-MU', NULL, 14.95, NULL, NULL, NULL, (SELECT "id" FROM "Store" WHERE "slug" = 'arcane-fortress'), 'a0000001-0000-4000-8000-000000000001', 'd0000001-0000-4000-8000-00000000001a', true, CURRENT_TIMESTAMP, '00000000-0000-4000-8000-000000000001'),
  ('c0000001-0000-4000-8000-000000000063', 'Blue - Echoes of the Deep', 'SLV-UE-DP', NULL, 14.95, NULL, NULL, NULL, (SELECT "id" FROM "Store" WHERE "slug" = 'arcane-fortress'), 'a0000001-0000-4000-8000-000000000001', 'd0000001-0000-4000-8000-00000000001a', true, CURRENT_TIMESTAMP, '00000000-0000-4000-8000-000000000001'),
  ('c0000001-0000-4000-8000-000000000064', 'White - Dusk Over Edo', 'SLV-UE-ED', NULL, 14.95, NULL, NULL, NULL, (SELECT "id" FROM "Store" WHERE "slug" = 'arcane-fortress'), 'a0000001-0000-4000-8000-000000000001', 'd0000001-0000-4000-8000-00000000001a', true, CURRENT_TIMESTAMP, '00000000-0000-4000-8000-000000000001'),
  ('c0000001-0000-4000-8000-000000000065', 'Blue - Emperor of the Deep', 'AF-SLV-ME13', NULL, 14.95, NULL, NULL, NULL, (SELECT "id" FROM "Store" WHERE "slug" = 'arcane-fortress'), 'a0000001-0000-4000-8000-000000000001', 'd0000001-0000-4000-8000-00000000001a', true, CURRENT_TIMESTAMP, '00000000-0000-4000-8000-000000000001'),
  ('c0000001-0000-4000-8000-000000000066', 'Black - Spirit of the Candle', 'AF-SLV-SP14', NULL, 14.95, NULL, NULL, NULL, (SELECT "id" FROM "Store" WHERE "slug" = 'arcane-fortress'), 'a0000001-0000-4000-8000-000000000001', 'd0000001-0000-4000-8000-00000000001a', true, CURRENT_TIMESTAMP, '00000000-0000-4000-8000-000000000001'),
  ('c0000001-0000-4000-8000-000000000067', 'White - Divine Protection', 'AF-SLV-DP07', NULL, 14.95, NULL, NULL, NULL, (SELECT "id" FROM "Store" WHERE "slug" = 'arcane-fortress'), 'a0000001-0000-4000-8000-000000000001', 'd0000001-0000-4000-8000-00000000001a', true, CURRENT_TIMESTAMP, '00000000-0000-4000-8000-000000000001'),
  ('c0000001-0000-4000-8000-000000000068', 'Blue - Winter''s War', 'AF-SLV-WW08', NULL, 14.95, NULL, NULL, NULL, (SELECT "id" FROM "Store" WHERE "slug" = 'arcane-fortress'), 'a0000001-0000-4000-8000-000000000001', 'd0000001-0000-4000-8000-00000000001a', true, CURRENT_TIMESTAMP, '00000000-0000-4000-8000-000000000001'),
  ('c0000001-0000-4000-8000-000000000069', 'Black - Forbidden Ritual', 'AF-SLV-FR09', NULL, 14.95, NULL, NULL, NULL, (SELECT "id" FROM "Store" WHERE "slug" = 'arcane-fortress'), 'a0000001-0000-4000-8000-000000000001', 'd0000001-0000-4000-8000-00000000001a', true, CURRENT_TIMESTAMP, '00000000-0000-4000-8000-000000000001'),
  ('c0000001-0000-4000-8000-00000000006a', 'Red - Volcanic Rebirth', 'AF-SLV-VR10', NULL, 14.95, NULL, NULL, NULL, (SELECT "id" FROM "Store" WHERE "slug" = 'arcane-fortress'), 'a0000001-0000-4000-8000-000000000001', 'd0000001-0000-4000-8000-00000000001a', true, CURRENT_TIMESTAMP, '00000000-0000-4000-8000-000000000001'),
  ('c0000001-0000-4000-8000-00000000006b', 'Green - Nature''s Retribution', 'AF-SLV-NR11', NULL, 14.95, NULL, NULL, NULL, (SELECT "id" FROM "Store" WHERE "slug" = 'arcane-fortress'), 'a0000001-0000-4000-8000-000000000001', 'd0000001-0000-4000-8000-00000000001a', true, CURRENT_TIMESTAMP, '00000000-0000-4000-8000-000000000001'),
  ('c0000001-0000-4000-8000-00000000006c', 'Purple - Cosmic Genesis', 'AF-SLV-CG12', NULL, 14.95, NULL, NULL, NULL, (SELECT "id" FROM "Store" WHERE "slug" = 'arcane-fortress'), 'a0000001-0000-4000-8000-000000000001', 'd0000001-0000-4000-8000-00000000001a', true, CURRENT_TIMESTAMP, '00000000-0000-4000-8000-000000000001'),
  ('c0000001-0000-4000-8000-00000000006d', 'White - Golden Plains', 'AF-SLV-GP01__VARIANT_51972225696067', NULL, 14.95, NULL, NULL, NULL, (SELECT "id" FROM "Store" WHERE "slug" = 'arcane-fortress'), 'a0000001-0000-4000-8000-000000000001', 'd0000001-0000-4000-8000-00000000001a', true, CURRENT_TIMESTAMP, '00000000-0000-4000-8000-000000000001'),
  ('c0000001-0000-4000-8000-00000000006e', 'Blue - Hidden Island', 'AF-SLV-HI02__VARIANT_51972225794371', NULL, 14.95, NULL, NULL, NULL, (SELECT "id" FROM "Store" WHERE "slug" = 'arcane-fortress'), 'a0000001-0000-4000-8000-000000000001', 'd0000001-0000-4000-8000-00000000001a', true, CURRENT_TIMESTAMP, '00000000-0000-4000-8000-000000000001'),
  ('c0000001-0000-4000-8000-00000000006f', 'Black - Decaying Swamp', 'AF-SLV-DS03__VARIANT_51972225925443', NULL, 14.95, NULL, NULL, NULL, (SELECT "id" FROM "Store" WHERE "slug" = 'arcane-fortress'), 'a0000001-0000-4000-8000-000000000001', 'd0000001-0000-4000-8000-00000000001a', true, CURRENT_TIMESTAMP, '00000000-0000-4000-8000-000000000001'),
  ('c0000001-0000-4000-8000-000000000070', 'Red - Burning Mountain', 'AF-SLV-BM04__VARIANT_51972225990979', NULL, 14.95, NULL, NULL, NULL, (SELECT "id" FROM "Store" WHERE "slug" = 'arcane-fortress'), 'a0000001-0000-4000-8000-000000000001', 'd0000001-0000-4000-8000-00000000001a', true, CURRENT_TIMESTAMP, '00000000-0000-4000-8000-000000000001'),
  ('c0000001-0000-4000-8000-000000000071', 'Green - Mythical Forest', 'AF-SLV-MF05__VARIANT_51972226089283', NULL, 14.95, NULL, NULL, NULL, (SELECT "id" FROM "Store" WHERE "slug" = 'arcane-fortress'), 'a0000001-0000-4000-8000-000000000001', 'd0000001-0000-4000-8000-00000000001a', true, CURRENT_TIMESTAMP, '00000000-0000-4000-8000-000000000001'),
  ('c0000001-0000-4000-8000-000000000072', 'Pink - Blossom Grace', 'AF-SLV-BG15', NULL, 14.95, NULL, NULL, NULL, (SELECT "id" FROM "Store" WHERE "slug" = 'arcane-fortress'), 'a0000001-0000-4000-8000-000000000001', 'd0000001-0000-4000-8000-00000000001a', true, CURRENT_TIMESTAMP, '00000000-0000-4000-8000-000000000001'),
  ('c0000001-0000-4000-8000-000000000073', 'Red/Blue - Fire and Ice Dragon', 'AF-SLV-FI16', NULL, 14.95, NULL, NULL, NULL, (SELECT "id" FROM "Store" WHERE "slug" = 'arcane-fortress'), 'a0000001-0000-4000-8000-000000000001', 'd0000001-0000-4000-8000-00000000001a', true, CURRENT_TIMESTAMP, '00000000-0000-4000-8000-000000000001'),
  ('c0000001-0000-4000-8000-0000000000e1', 'Black - Cursed Lotus - Deluxe - 100+', 'RDDB-CL-DLX', NULL, 30.95, NULL, NULL, NULL, (SELECT "id" FROM "Store" WHERE "slug" = 'arcane-fortress'), 'a0000001-0000-4000-8000-000000000001', 'd0000001-0000-4000-8000-000000000025', true, CURRENT_TIMESTAMP, '00000000-0000-4000-8000-000000000001'),
  ('c0000001-0000-4000-8000-0000000000e2', 'Black - Cursed Lotus - Standard - 100+', 'RDDB-CL-STD', NULL, 26.95, NULL, NULL, NULL, (SELECT "id" FROM "Store" WHERE "slug" = 'arcane-fortress'), 'a0000001-0000-4000-8000-000000000001', 'd0000001-0000-4000-8000-000000000025', true, CURRENT_TIMESTAMP, '00000000-0000-4000-8000-000000000001'),
  ('c0000001-0000-4000-8000-0000000000e3', 'Green - Verdant Sanctuary - Standard - 100+', 'RDDB-VS-STD', NULL, 26.95, NULL, NULL, NULL, (SELECT "id" FROM "Store" WHERE "slug" = 'arcane-fortress'), 'a0000001-0000-4000-8000-000000000001', 'd0000001-0000-4000-8000-000000000025', true, CURRENT_TIMESTAMP, '00000000-0000-4000-8000-000000000001'),
  ('c0000001-0000-4000-8000-0000000000e4', 'Green - Verdant Sanctuary - Deluxe - 100+', 'RDDB-VS-DLX', NULL, 30.95, NULL, NULL, NULL, (SELECT "id" FROM "Store" WHERE "slug" = 'arcane-fortress'), 'a0000001-0000-4000-8000-000000000001', 'd0000001-0000-4000-8000-000000000025', true, CURRENT_TIMESTAMP, '00000000-0000-4000-8000-000000000001'),
  ('c0000001-0000-4000-8000-0000000000e5', 'Red - Crimson Ridge - Standard - 100+', 'RDDB-CR-STD', NULL, 26.95, NULL, NULL, NULL, (SELECT "id" FROM "Store" WHERE "slug" = 'arcane-fortress'), 'a0000001-0000-4000-8000-000000000001', 'd0000001-0000-4000-8000-000000000025', true, CURRENT_TIMESTAMP, '00000000-0000-4000-8000-000000000001'),
  ('c0000001-0000-4000-8000-0000000000e6', 'Red - Crimson Ridge - Deluxe - 100+', 'RDDB-CR-DLX', NULL, 30.95, NULL, NULL, NULL, (SELECT "id" FROM "Store" WHERE "slug" = 'arcane-fortress'), 'a0000001-0000-4000-8000-000000000001', 'd0000001-0000-4000-8000-000000000025', true, CURRENT_TIMESTAMP, '00000000-0000-4000-8000-000000000001'),
  ('c0000001-0000-4000-8000-0000000000e7', 'Black - Marsh of the Unspoken - Standard - 100+', 'RDDB-MS-STD', NULL, 26.95, NULL, NULL, NULL, (SELECT "id" FROM "Store" WHERE "slug" = 'arcane-fortress'), 'a0000001-0000-4000-8000-000000000001', 'd0000001-0000-4000-8000-000000000025', true, CURRENT_TIMESTAMP, '00000000-0000-4000-8000-000000000001'),
  ('c0000001-0000-4000-8000-0000000000e8', 'Black - Marsh of the Unspoken - Deluxe - 100+', 'RDDB-MS-DLX', NULL, 30.95, NULL, NULL, NULL, (SELECT "id" FROM "Store" WHERE "slug" = 'arcane-fortress'), 'a0000001-0000-4000-8000-000000000001', 'd0000001-0000-4000-8000-000000000025', true, CURRENT_TIMESTAMP, '00000000-0000-4000-8000-000000000001'),
  ('c0000001-0000-4000-8000-0000000000e9', 'Blue - Echoes of the Deep - Standard - 100+', 'RDDB-DP-STD', NULL, 26.95, NULL, NULL, NULL, (SELECT "id" FROM "Store" WHERE "slug" = 'arcane-fortress'), 'a0000001-0000-4000-8000-000000000001', 'd0000001-0000-4000-8000-000000000025', true, CURRENT_TIMESTAMP, '00000000-0000-4000-8000-000000000001'),
  ('c0000001-0000-4000-8000-0000000000ea', 'Blue - Echoes of the Deep - Deluxe - 100+', 'RDDB-DP-DLX', NULL, 30.95, NULL, NULL, NULL, (SELECT "id" FROM "Store" WHERE "slug" = 'arcane-fortress'), 'a0000001-0000-4000-8000-000000000001', 'd0000001-0000-4000-8000-000000000025', true, CURRENT_TIMESTAMP, '00000000-0000-4000-8000-000000000001'),
  ('c0000001-0000-4000-8000-0000000000eb', 'White - Dusk Over Edo - Standard - 100+', 'RDDB-ED-STD', NULL, 26.95, NULL, NULL, NULL, (SELECT "id" FROM "Store" WHERE "slug" = 'arcane-fortress'), 'a0000001-0000-4000-8000-000000000001', 'd0000001-0000-4000-8000-000000000025', true, CURRENT_TIMESTAMP, '00000000-0000-4000-8000-000000000001'),
  ('c0000001-0000-4000-8000-0000000000ec', 'White - Dusk Over Edo - Deluxe - 100+', 'RDDB-ED-DLX', NULL, 30.95, NULL, NULL, NULL, (SELECT "id" FROM "Store" WHERE "slug" = 'arcane-fortress'), 'a0000001-0000-4000-8000-000000000001', 'd0000001-0000-4000-8000-000000000025', true, CURRENT_TIMESTAMP, '00000000-0000-4000-8000-000000000001'),
  ('c0000001-0000-4000-8000-0000000000ed', 'Blue - Emperor of the Deep - Standard - 100+', 'RDDB-EDP-STD', NULL, 26.95, NULL, NULL, NULL, (SELECT "id" FROM "Store" WHERE "slug" = 'arcane-fortress'), 'a0000001-0000-4000-8000-000000000001', 'd0000001-0000-4000-8000-000000000025', true, CURRENT_TIMESTAMP, '00000000-0000-4000-8000-000000000001'),
  ('c0000001-0000-4000-8000-0000000000ee', 'Blue - Emperor of the Deep - Deluxe - 100+', 'RDDB-EDP-DLX', NULL, 30.95, NULL, NULL, NULL, (SELECT "id" FROM "Store" WHERE "slug" = 'arcane-fortress'), 'a0000001-0000-4000-8000-000000000001', 'd0000001-0000-4000-8000-000000000025', true, CURRENT_TIMESTAMP, '00000000-0000-4000-8000-000000000001'),
  ('c0000001-0000-4000-8000-0000000000ef', 'Pink - Blossom Grace - Deluxe - 100+', 'SGDB-01-PK-23', NULL, 30.95, NULL, NULL, NULL, (SELECT "id" FROM "Store" WHERE "slug" = 'arcane-fortress'), 'a0000001-0000-4000-8000-000000000001', 'd0000001-0000-4000-8000-000000000025', true, CURRENT_TIMESTAMP, '00000000-0000-4000-8000-000000000001'),
  ('c0000001-0000-4000-8000-0000000000f0', 'Pink - Blossom Grace - Standard - 100+', 'SGDB-07-PK-23', NULL, 26.95, NULL, NULL, NULL, (SELECT "id" FROM "Store" WHERE "slug" = 'arcane-fortress'), 'a0000001-0000-4000-8000-000000000001', 'd0000001-0000-4000-8000-000000000025', true, CURRENT_TIMESTAMP, '00000000-0000-4000-8000-000000000001'),
  ('c0000001-0000-4000-8000-0000000000f1', 'White - Golden Plains - Standard - 100+', 'SGDB-09-WH-23', NULL, 26.95, NULL, NULL, NULL, (SELECT "id" FROM "Store" WHERE "slug" = 'arcane-fortress'), 'a0000001-0000-4000-8000-000000000001', 'd0000001-0000-4000-8000-000000000025', true, CURRENT_TIMESTAMP, '00000000-0000-4000-8000-000000000001'),
  ('c0000001-0000-4000-8000-0000000000f2', 'White - Golden Plains - Deluxe - 100+', 'SGDB-03-WH-23', NULL, 30.95, NULL, NULL, NULL, (SELECT "id" FROM "Store" WHERE "slug" = 'arcane-fortress'), 'a0000001-0000-4000-8000-000000000001', 'd0000001-0000-4000-8000-000000000025', true, CURRENT_TIMESTAMP, '00000000-0000-4000-8000-000000000001'),
  ('c0000001-0000-4000-8000-0000000000f3', 'Blue - Hidden Island - Standard - 100+', 'SGDB-10-BL-23', NULL, 26.95, NULL, NULL, NULL, (SELECT "id" FROM "Store" WHERE "slug" = 'arcane-fortress'), 'a0000001-0000-4000-8000-000000000001', 'd0000001-0000-4000-8000-000000000025', true, CURRENT_TIMESTAMP, '00000000-0000-4000-8000-000000000001'),
  ('c0000001-0000-4000-8000-0000000000f4', 'Blue - Hidden Island - Deluxe - 100+', 'SGDB-04-BL-23', NULL, 30.95, NULL, NULL, NULL, (SELECT "id" FROM "Store" WHERE "slug" = 'arcane-fortress'), 'a0000001-0000-4000-8000-000000000001', 'd0000001-0000-4000-8000-000000000025', true, CURRENT_TIMESTAMP, '00000000-0000-4000-8000-000000000001'),
  ('c0000001-0000-4000-8000-0000000000f5', 'Black - Decaying Swamp - Standard - 100+', 'SGDB-08-BK-23', NULL, 26.95, NULL, NULL, NULL, (SELECT "id" FROM "Store" WHERE "slug" = 'arcane-fortress'), 'a0000001-0000-4000-8000-000000000001', 'd0000001-0000-4000-8000-000000000025', true, CURRENT_TIMESTAMP, '00000000-0000-4000-8000-000000000001'),
  ('c0000001-0000-4000-8000-0000000000f6', 'Black - Decaying Swamp - Deluxe - 100+', 'SGDB-02-BK-23', NULL, 30.95, NULL, NULL, NULL, (SELECT "id" FROM "Store" WHERE "slug" = 'arcane-fortress'), 'a0000001-0000-4000-8000-000000000001', 'd0000001-0000-4000-8000-000000000025', true, CURRENT_TIMESTAMP, '00000000-0000-4000-8000-000000000001'),
  ('c0000001-0000-4000-8000-0000000000f7', 'Red - Burning Mountain - Standard - 100+', 'SGDB-12-RD-23', NULL, 26.95, NULL, NULL, NULL, (SELECT "id" FROM "Store" WHERE "slug" = 'arcane-fortress'), 'a0000001-0000-4000-8000-000000000001', 'd0000001-0000-4000-8000-000000000025', true, CURRENT_TIMESTAMP, '00000000-0000-4000-8000-000000000001'),
  ('c0000001-0000-4000-8000-0000000000f8', 'Red - Burning Mountain - Deluxe - 100+', 'SGDB-06-RD-23', NULL, 30.95, NULL, NULL, NULL, (SELECT "id" FROM "Store" WHERE "slug" = 'arcane-fortress'), 'a0000001-0000-4000-8000-000000000001', 'd0000001-0000-4000-8000-000000000025', true, CURRENT_TIMESTAMP, '00000000-0000-4000-8000-000000000001'),
  ('c0000001-0000-4000-8000-0000000000f9', 'Green - Mythical Forest - Standard - 100+', 'SGDB-11-GR-23', NULL, 26.95, NULL, NULL, NULL, (SELECT "id" FROM "Store" WHERE "slug" = 'arcane-fortress'), 'a0000001-0000-4000-8000-000000000001', 'd0000001-0000-4000-8000-000000000025', true, CURRENT_TIMESTAMP, '00000000-0000-4000-8000-000000000001'),
  ('c0000001-0000-4000-8000-0000000000fa', 'Green - Mythical Forest - Deluxe - 100+', 'SGDB-05-GR-23', NULL, 30.95, NULL, NULL, NULL, (SELECT "id" FROM "Store" WHERE "slug" = 'arcane-fortress'), 'a0000001-0000-4000-8000-000000000001', 'd0000001-0000-4000-8000-000000000025', true, CURRENT_TIMESTAMP, '00000000-0000-4000-8000-000000000001'),
  ('c0000001-0000-4000-8000-0000000000fb', 'White - Divine Protection - Standard - 100+', 'RDDB-WH-STD-24', NULL, 26.95, NULL, NULL, NULL, (SELECT "id" FROM "Store" WHERE "slug" = 'arcane-fortress'), 'a0000001-0000-4000-8000-000000000001', 'd0000001-0000-4000-8000-000000000025', true, CURRENT_TIMESTAMP, '00000000-0000-4000-8000-000000000001'),
  ('c0000001-0000-4000-8000-0000000000fc', 'White - Divine Protection - Deluxe - 100+', 'RDDB-WH-DLX-24', NULL, 30.95, NULL, NULL, NULL, (SELECT "id" FROM "Store" WHERE "slug" = 'arcane-fortress'), 'a0000001-0000-4000-8000-000000000001', 'd0000001-0000-4000-8000-000000000025', true, CURRENT_TIMESTAMP, '00000000-0000-4000-8000-000000000001'),
  ('c0000001-0000-4000-8000-0000000000fd', 'Blue - Winter''s War - Standard - 100+', 'RDDB-BL-STD-24', NULL, 26.95, NULL, NULL, NULL, (SELECT "id" FROM "Store" WHERE "slug" = 'arcane-fortress'), 'a0000001-0000-4000-8000-000000000001', 'd0000001-0000-4000-8000-000000000025', true, CURRENT_TIMESTAMP, '00000000-0000-4000-8000-000000000001'),
  ('c0000001-0000-4000-8000-0000000000fe', 'Blue - Winter''s War - Deluxe - 100+', 'RDDB-BL-DLX-24', NULL, 30.95, NULL, NULL, NULL, (SELECT "id" FROM "Store" WHERE "slug" = 'arcane-fortress'), 'a0000001-0000-4000-8000-000000000001', 'd0000001-0000-4000-8000-000000000025', true, CURRENT_TIMESTAMP, '00000000-0000-4000-8000-000000000001'),
  ('c0000001-0000-4000-8000-0000000000ff', 'Black - Forbidden Ritual - Standard - 100+', 'RDDB-BK-STD-24', NULL, 26.95, NULL, NULL, NULL, (SELECT "id" FROM "Store" WHERE "slug" = 'arcane-fortress'), 'a0000001-0000-4000-8000-000000000001', 'd0000001-0000-4000-8000-000000000025', true, CURRENT_TIMESTAMP, '00000000-0000-4000-8000-000000000001'),
  ('c0000001-0000-4000-8000-000000000100', 'Black - Forbidden Ritual - Deluxe - 100+', 'RDDB-BK-DLX-24', NULL, 30.95, NULL, NULL, NULL, (SELECT "id" FROM "Store" WHERE "slug" = 'arcane-fortress'), 'a0000001-0000-4000-8000-000000000001', 'd0000001-0000-4000-8000-000000000025', true, CURRENT_TIMESTAMP, '00000000-0000-4000-8000-000000000001'),
  ('c0000001-0000-4000-8000-000000000101', 'Red - Volcanic Rebirth - Standard - 100+', 'RDDB-RD-STD-24', NULL, 26.95, NULL, NULL, NULL, (SELECT "id" FROM "Store" WHERE "slug" = 'arcane-fortress'), 'a0000001-0000-4000-8000-000000000001', 'd0000001-0000-4000-8000-000000000025', true, CURRENT_TIMESTAMP, '00000000-0000-4000-8000-000000000001'),
  ('c0000001-0000-4000-8000-000000000102', 'Red - Volcanic Rebirth - Deluxe - 100+', 'RDDB-RD-DLX-24', NULL, 30.95, NULL, NULL, NULL, (SELECT "id" FROM "Store" WHERE "slug" = 'arcane-fortress'), 'a0000001-0000-4000-8000-000000000001', 'd0000001-0000-4000-8000-000000000025', true, CURRENT_TIMESTAMP, '00000000-0000-4000-8000-000000000001'),
  ('c0000001-0000-4000-8000-000000000103', 'Green - Nature''s Retribution - Standard - 100+', 'RDDB-GR-STD-24', NULL, 26.95, NULL, NULL, NULL, (SELECT "id" FROM "Store" WHERE "slug" = 'arcane-fortress'), 'a0000001-0000-4000-8000-000000000001', 'd0000001-0000-4000-8000-000000000025', true, CURRENT_TIMESTAMP, '00000000-0000-4000-8000-000000000001'),
  ('c0000001-0000-4000-8000-000000000104', 'Green - Nature''s Retribution - Deluxe - 100+', 'RDDB-GR-DLX-24', NULL, 30.95, NULL, NULL, NULL, (SELECT "id" FROM "Store" WHERE "slug" = 'arcane-fortress'), 'a0000001-0000-4000-8000-000000000001', 'd0000001-0000-4000-8000-000000000025', true, CURRENT_TIMESTAMP, '00000000-0000-4000-8000-000000000001'),
  ('c0000001-0000-4000-8000-000000000105', 'Purple - Cosmic Genesis - Standard - 100+', 'RDDB-PP-STD-24', NULL, 26.95, NULL, NULL, NULL, (SELECT "id" FROM "Store" WHERE "slug" = 'arcane-fortress'), 'a0000001-0000-4000-8000-000000000001', 'd0000001-0000-4000-8000-000000000025', true, CURRENT_TIMESTAMP, '00000000-0000-4000-8000-000000000001'),
  ('c0000001-0000-4000-8000-000000000106', 'Purple - Cosmic Genesis - Deluxe - 100+', 'RDDB-PP-DLX-24', NULL, 30.95, NULL, NULL, NULL, (SELECT "id" FROM "Store" WHERE "slug" = 'arcane-fortress'), 'a0000001-0000-4000-8000-000000000001', 'd0000001-0000-4000-8000-000000000025', true, CURRENT_TIMESTAMP, '00000000-0000-4000-8000-000000000001'),
  ('c0000001-0000-4000-8000-000000000107', 'Black - Deluxe - 100+', 'R100-BK-DLX', NULL, 30.95, NULL, NULL, NULL, (SELECT "id" FROM "Store" WHERE "slug" = 'arcane-fortress'), 'a0000001-0000-4000-8000-000000000001', 'd0000001-0000-4000-8000-000000000025', true, CURRENT_TIMESTAMP, '00000000-0000-4000-8000-000000000001'),
  ('c0000001-0000-4000-8000-000000000108', 'Blue - Deluxe - 100+', 'R100-BL-DLX', NULL, 30.95, NULL, NULL, NULL, (SELECT "id" FROM "Store" WHERE "slug" = 'arcane-fortress'), 'a0000001-0000-4000-8000-000000000001', 'd0000001-0000-4000-8000-000000000025', true, CURRENT_TIMESTAMP, '00000000-0000-4000-8000-000000000001'),
  ('c0000001-0000-4000-8000-000000000109', 'Cream - Deluxe - 100+', 'R100-CR-DLX', NULL, 30.95, NULL, NULL, NULL, (SELECT "id" FROM "Store" WHERE "slug" = 'arcane-fortress'), 'a0000001-0000-4000-8000-000000000001', 'd0000001-0000-4000-8000-000000000025', true, CURRENT_TIMESTAMP, '00000000-0000-4000-8000-000000000001'),
  ('c0000001-0000-4000-8000-00000000010a', 'Green - Deluxe - 100+', 'R100-GR-DLX', NULL, 30.95, NULL, NULL, NULL, (SELECT "id" FROM "Store" WHERE "slug" = 'arcane-fortress'), 'a0000001-0000-4000-8000-000000000001', 'd0000001-0000-4000-8000-000000000025', true, CURRENT_TIMESTAMP, '00000000-0000-4000-8000-000000000001'),
  ('c0000001-0000-4000-8000-00000000010b', 'Pink - Deluxe - 100+', 'R100-PK-DLX', NULL, 30.95, NULL, NULL, NULL, (SELECT "id" FROM "Store" WHERE "slug" = 'arcane-fortress'), 'a0000001-0000-4000-8000-000000000001', 'd0000001-0000-4000-8000-000000000025', true, CURRENT_TIMESTAMP, '00000000-0000-4000-8000-000000000001'),
  ('c0000001-0000-4000-8000-00000000010c', 'Purple - Deluxe - 100+', 'R100-PL-DLX', NULL, 30.95, NULL, NULL, NULL, (SELECT "id" FROM "Store" WHERE "slug" = 'arcane-fortress'), 'a0000001-0000-4000-8000-000000000001', 'd0000001-0000-4000-8000-000000000025', true, CURRENT_TIMESTAMP, '00000000-0000-4000-8000-000000000001'),
  ('c0000001-0000-4000-8000-00000000010d', 'Red - Deluxe - 100+', 'R100-RD-DLX', NULL, 30.95, NULL, NULL, NULL, (SELECT "id" FROM "Store" WHERE "slug" = 'arcane-fortress'), 'a0000001-0000-4000-8000-000000000001', 'd0000001-0000-4000-8000-000000000025', true, CURRENT_TIMESTAMP, '00000000-0000-4000-8000-000000000001'),
  ('c0000001-0000-4000-8000-000000000157', 'Pink - Blossom Grace', 'SGDB-01-PK-23__VARIANT_47730331844931', NULL, 24.95, NULL, NULL, NULL, (SELECT "id" FROM "Store" WHERE "slug" = 'arcane-fortress'), 'a0000001-0000-4000-8000-000000000001', 'd0000001-0000-4000-8000-000000000039', true, CURRENT_TIMESTAMP, '00000000-0000-4000-8000-000000000001'),
  ('c0000001-0000-4000-8000-000000000158', 'White - Golden Plains', 'SGDB-03-WH-23__VARIANT_47730331877699', NULL, 24.95, NULL, NULL, NULL, (SELECT "id" FROM "Store" WHERE "slug" = 'arcane-fortress'), 'a0000001-0000-4000-8000-000000000001', 'd0000001-0000-4000-8000-000000000039', true, CURRENT_TIMESTAMP, '00000000-0000-4000-8000-000000000001'),
  ('c0000001-0000-4000-8000-000000000159', 'Blue - Hidden Island', 'SGDB-04-BL-23__VARIANT_47730331910467', NULL, 24.95, NULL, NULL, NULL, (SELECT "id" FROM "Store" WHERE "slug" = 'arcane-fortress'), 'a0000001-0000-4000-8000-000000000001', 'd0000001-0000-4000-8000-000000000039', true, CURRENT_TIMESTAMP, '00000000-0000-4000-8000-000000000001'),
  ('c0000001-0000-4000-8000-00000000015a', 'Black - Decaying Swamp', 'SGDB-02-BK-23__VARIANT_47730331943235', NULL, 24.95, NULL, NULL, NULL, (SELECT "id" FROM "Store" WHERE "slug" = 'arcane-fortress'), 'a0000001-0000-4000-8000-000000000001', 'd0000001-0000-4000-8000-000000000039', true, CURRENT_TIMESTAMP, '00000000-0000-4000-8000-000000000001'),
  ('c0000001-0000-4000-8000-00000000015b', 'Red - Burning Mountain', 'SGDB-06-RD-23__VARIANT_47730331976003', NULL, 24.95, NULL, NULL, NULL, (SELECT "id" FROM "Store" WHERE "slug" = 'arcane-fortress'), 'a0000001-0000-4000-8000-000000000001', 'd0000001-0000-4000-8000-000000000039', true, CURRENT_TIMESTAMP, '00000000-0000-4000-8000-000000000001'),
  ('c0000001-0000-4000-8000-00000000015c', 'Green - Mythical Forest', 'SGDB-05-GR-23__VARIANT_47730332008771', NULL, 24.95, NULL, NULL, NULL, (SELECT "id" FROM "Store" WHERE "slug" = 'arcane-fortress'), 'a0000001-0000-4000-8000-000000000001', 'd0000001-0000-4000-8000-000000000039', true, CURRENT_TIMESTAMP, '00000000-0000-4000-8000-000000000001'),
  ('c0000001-0000-4000-8000-00000000015d', 'Pink - Blossom Grace - Deluxe - 100+', 'SGDB-01-PK-23__VARIANT_49040505143619', NULL, 29.95, NULL, NULL, NULL, (SELECT "id" FROM "Store" WHERE "slug" = 'arcane-fortress'), 'a0000001-0000-4000-8000-000000000001', 'd0000001-0000-4000-8000-00000000003a', true, CURRENT_TIMESTAMP, '00000000-0000-4000-8000-000000000001'),
  ('c0000001-0000-4000-8000-00000000015e', 'Pink - Blossom Grace - Standard - 100+', 'SGDB-07-PK-23__VARIANT_49040505176387', NULL, 24.95, NULL, NULL, NULL, (SELECT "id" FROM "Store" WHERE "slug" = 'arcane-fortress'), 'a0000001-0000-4000-8000-000000000001', 'd0000001-0000-4000-8000-00000000003a', true, CURRENT_TIMESTAMP, '00000000-0000-4000-8000-000000000001'),
  ('c0000001-0000-4000-8000-00000000015f', 'White - Golden Plains - Standard - 100+', 'SGDB-09-WH-23__VARIANT_49040505209155', NULL, 24.95, NULL, NULL, NULL, (SELECT "id" FROM "Store" WHERE "slug" = 'arcane-fortress'), 'a0000001-0000-4000-8000-000000000001', 'd0000001-0000-4000-8000-00000000003a', true, CURRENT_TIMESTAMP, '00000000-0000-4000-8000-000000000001'),
  ('c0000001-0000-4000-8000-000000000160', 'White - Golden Plains - Deluxe - 100+', 'SGDB-03-WH-23__VARIANT_49040505241923', NULL, 29.95, NULL, NULL, NULL, (SELECT "id" FROM "Store" WHERE "slug" = 'arcane-fortress'), 'a0000001-0000-4000-8000-000000000001', 'd0000001-0000-4000-8000-00000000003a', true, CURRENT_TIMESTAMP, '00000000-0000-4000-8000-000000000001'),
  ('c0000001-0000-4000-8000-000000000161', 'Blue - Hidden Island - Standard - 100+', 'SGDB-10-BL-23__VARIANT_49040505307459', NULL, 24.95, NULL, NULL, NULL, (SELECT "id" FROM "Store" WHERE "slug" = 'arcane-fortress'), 'a0000001-0000-4000-8000-000000000001', 'd0000001-0000-4000-8000-00000000003a', true, CURRENT_TIMESTAMP, '00000000-0000-4000-8000-000000000001'),
  ('c0000001-0000-4000-8000-000000000162', 'Blue - Hidden Island - Deluxe - 100+', 'SGDB-04-BL-23__VARIANT_49040505340227', NULL, 29.95, NULL, NULL, NULL, (SELECT "id" FROM "Store" WHERE "slug" = 'arcane-fortress'), 'a0000001-0000-4000-8000-000000000001', 'd0000001-0000-4000-8000-00000000003a', true, CURRENT_TIMESTAMP, '00000000-0000-4000-8000-000000000001'),
  ('c0000001-0000-4000-8000-000000000163', 'Black - Decaying Swamp - Standard - 100+', 'SGDB-08-BK-23__VARIANT_49040505372995', NULL, 24.95, NULL, NULL, NULL, (SELECT "id" FROM "Store" WHERE "slug" = 'arcane-fortress'), 'a0000001-0000-4000-8000-000000000001', 'd0000001-0000-4000-8000-00000000003a', true, CURRENT_TIMESTAMP, '00000000-0000-4000-8000-000000000001'),
  ('c0000001-0000-4000-8000-000000000164', 'Black - Decaying Swamp - Deluxe - 100+', 'SGDB-02-BK-23__VARIANT_49040505405763', NULL, 29.95, NULL, NULL, NULL, (SELECT "id" FROM "Store" WHERE "slug" = 'arcane-fortress'), 'a0000001-0000-4000-8000-000000000001', 'd0000001-0000-4000-8000-00000000003a', true, CURRENT_TIMESTAMP, '00000000-0000-4000-8000-000000000001'),
  ('c0000001-0000-4000-8000-000000000165', 'Red - Burning Mountain - Standard - 100+', 'SGDB-12-RD-23__VARIANT_49040505438531', NULL, 24.95, NULL, NULL, NULL, (SELECT "id" FROM "Store" WHERE "slug" = 'arcane-fortress'), 'a0000001-0000-4000-8000-000000000001', 'd0000001-0000-4000-8000-00000000003a', true, CURRENT_TIMESTAMP, '00000000-0000-4000-8000-000000000001'),
  ('c0000001-0000-4000-8000-000000000166', 'Red - Burning Mountain - Deluxe - 100+', 'SGDB-06-RD-23__VARIANT_49040505471299', NULL, 29.95, NULL, NULL, NULL, (SELECT "id" FROM "Store" WHERE "slug" = 'arcane-fortress'), 'a0000001-0000-4000-8000-000000000001', 'd0000001-0000-4000-8000-00000000003a', true, CURRENT_TIMESTAMP, '00000000-0000-4000-8000-000000000001'),
  ('c0000001-0000-4000-8000-000000000167', 'Green - Mythical Forest - Standard - 100+', 'SGDB-11-GR-23__VARIANT_49040505504067', NULL, 24.95, NULL, NULL, NULL, (SELECT "id" FROM "Store" WHERE "slug" = 'arcane-fortress'), 'a0000001-0000-4000-8000-000000000001', 'd0000001-0000-4000-8000-00000000003a', true, CURRENT_TIMESTAMP, '00000000-0000-4000-8000-000000000001'),
  ('c0000001-0000-4000-8000-000000000168', 'Green - Mythical Forest - Deluxe - 100+', 'SGDB-05-GR-23__VARIANT_49040505569603', NULL, 29.95, NULL, NULL, NULL, (SELECT "id" FROM "Store" WHERE "slug" = 'arcane-fortress'), 'a0000001-0000-4000-8000-000000000001', 'd0000001-0000-4000-8000-00000000003a', true, CURRENT_TIMESTAMP, '00000000-0000-4000-8000-000000000001'),
  ('c0000001-0000-4000-8000-000000000177', 'Black - Cursed Lotus', 'UEPM-CL', NULL, 24.95, NULL, NULL, NULL, (SELECT "id" FROM "Store" WHERE "slug" = 'arcane-fortress'), 'a0000001-0000-4000-8000-000000000001', 'd0000001-0000-4000-8000-00000000003c', true, CURRENT_TIMESTAMP, '00000000-0000-4000-8000-000000000001'),
  ('c0000001-0000-4000-8000-000000000178', 'Green - Verdant Sanctuary', 'UEPM-VS', NULL, 24.95, NULL, NULL, NULL, (SELECT "id" FROM "Store" WHERE "slug" = 'arcane-fortress'), 'a0000001-0000-4000-8000-000000000001', 'd0000001-0000-4000-8000-00000000003c', true, CURRENT_TIMESTAMP, '00000000-0000-4000-8000-000000000001'),
  ('c0000001-0000-4000-8000-000000000179', 'Red - Crimson Ridge', 'UEPM-CR', NULL, 24.95, NULL, NULL, NULL, (SELECT "id" FROM "Store" WHERE "slug" = 'arcane-fortress'), 'a0000001-0000-4000-8000-000000000001', 'd0000001-0000-4000-8000-00000000003c', true, CURRENT_TIMESTAMP, '00000000-0000-4000-8000-000000000001'),
  ('c0000001-0000-4000-8000-00000000017a', 'Black - Marsh of the Unspoken', 'UEPM-MU', NULL, 24.95, NULL, NULL, NULL, (SELECT "id" FROM "Store" WHERE "slug" = 'arcane-fortress'), 'a0000001-0000-4000-8000-000000000001', 'd0000001-0000-4000-8000-00000000003c', true, CURRENT_TIMESTAMP, '00000000-0000-4000-8000-000000000001'),
  ('c0000001-0000-4000-8000-00000000017b', 'Blue - Echoes of the Deep', 'UEPM-DP', NULL, 24.95, NULL, NULL, NULL, (SELECT "id" FROM "Store" WHERE "slug" = 'arcane-fortress'), 'a0000001-0000-4000-8000-000000000001', 'd0000001-0000-4000-8000-00000000003c', true, CURRENT_TIMESTAMP, '00000000-0000-4000-8000-000000000001'),
  ('c0000001-0000-4000-8000-00000000017c', 'White - Dusk Over Edo', 'UEPM-ED', NULL, 24.95, NULL, NULL, NULL, (SELECT "id" FROM "Store" WHERE "slug" = 'arcane-fortress'), 'a0000001-0000-4000-8000-000000000001', 'd0000001-0000-4000-8000-00000000003c', true, CURRENT_TIMESTAMP, '00000000-0000-4000-8000-000000000001'),
  ('c0000001-0000-4000-8000-00000000017d', 'Blue - Emperor of the Deep', 'UEPM-EDP', NULL, 24.95, NULL, NULL, NULL, (SELECT "id" FROM "Store" WHERE "slug" = 'arcane-fortress'), 'a0000001-0000-4000-8000-000000000001', 'd0000001-0000-4000-8000-00000000003c', true, CURRENT_TIMESTAMP, '00000000-0000-4000-8000-000000000001'),
  ('c0000001-0000-4000-8000-00000000017e', 'White - Divine Protection', 'DRGPM-DP-001__VARIANT_49439310315843', NULL, 24.95, NULL, NULL, NULL, (SELECT "id" FROM "Store" WHERE "slug" = 'arcane-fortress'), 'a0000001-0000-4000-8000-000000000001', 'd0000001-0000-4000-8000-00000000003c', true, CURRENT_TIMESTAMP, '00000000-0000-4000-8000-000000000001'),
  ('c0000001-0000-4000-8000-00000000017f', 'Blue - Winter''s War', 'DRGPM-WW-002__VARIANT_49439312642371', NULL, 24.95, NULL, NULL, NULL, (SELECT "id" FROM "Store" WHERE "slug" = 'arcane-fortress'), 'a0000001-0000-4000-8000-000000000001', 'd0000001-0000-4000-8000-00000000003c', true, CURRENT_TIMESTAMP, '00000000-0000-4000-8000-000000000001'),
  ('c0000001-0000-4000-8000-000000000180', 'Black - Forbidden Ritual', 'DRGPM-FR-003__VARIANT_49439312675139', NULL, 24.95, NULL, NULL, NULL, (SELECT "id" FROM "Store" WHERE "slug" = 'arcane-fortress'), 'a0000001-0000-4000-8000-000000000001', 'd0000001-0000-4000-8000-00000000003c', true, CURRENT_TIMESTAMP, '00000000-0000-4000-8000-000000000001'),
  ('c0000001-0000-4000-8000-000000000181', 'Red - Volcanic Rebirth', 'DRGPM-VR-004__VARIANT_49439312707907', NULL, 24.95, NULL, NULL, NULL, (SELECT "id" FROM "Store" WHERE "slug" = 'arcane-fortress'), 'a0000001-0000-4000-8000-000000000001', 'd0000001-0000-4000-8000-00000000003c', true, CURRENT_TIMESTAMP, '00000000-0000-4000-8000-000000000001'),
  ('c0000001-0000-4000-8000-000000000182', 'Green - Nature''s Retribution', 'DRGPM-NR-005__VARIANT_49439312740675', NULL, 24.95, NULL, NULL, NULL, (SELECT "id" FROM "Store" WHERE "slug" = 'arcane-fortress'), 'a0000001-0000-4000-8000-000000000001', 'd0000001-0000-4000-8000-00000000003c', true, CURRENT_TIMESTAMP, '00000000-0000-4000-8000-000000000001'),
  ('c0000001-0000-4000-8000-000000000183', 'Purple - Cosmic Genesis', 'DRGPM-CG-006__VARIANT_49439312806211', NULL, 24.95, NULL, NULL, NULL, (SELECT "id" FROM "Store" WHERE "slug" = 'arcane-fortress'), 'a0000001-0000-4000-8000-000000000001', 'd0000001-0000-4000-8000-00000000003c', true, CURRENT_TIMESTAMP, '00000000-0000-4000-8000-000000000001'),
  ('c0000001-0000-4000-8000-000000000184', 'White - Golden Plains', 'SGPM-03-WH-23__VARIANT_47029865349443', NULL, 24.95, NULL, NULL, NULL, (SELECT "id" FROM "Store" WHERE "slug" = 'arcane-fortress'), 'a0000001-0000-4000-8000-000000000001', 'd0000001-0000-4000-8000-00000000003c', true, CURRENT_TIMESTAMP, '00000000-0000-4000-8000-000000000001'),
  ('c0000001-0000-4000-8000-000000000185', 'Blue - Hidden Island', 'SGPM-04-BL-23__VARIANT_47029865316675', NULL, 24.95, NULL, NULL, NULL, (SELECT "id" FROM "Store" WHERE "slug" = 'arcane-fortress'), 'a0000001-0000-4000-8000-000000000001', 'd0000001-0000-4000-8000-00000000003c', true, CURRENT_TIMESTAMP, '00000000-0000-4000-8000-000000000001'),
  ('c0000001-0000-4000-8000-000000000186', 'Black - Decaying Swamp', 'SGPM-02-BK-23__VARIANT_47029865382211', NULL, 24.95, NULL, NULL, NULL, (SELECT "id" FROM "Store" WHERE "slug" = 'arcane-fortress'), 'a0000001-0000-4000-8000-000000000001', 'd0000001-0000-4000-8000-00000000003c', true, CURRENT_TIMESTAMP, '00000000-0000-4000-8000-000000000001'),
  ('c0000001-0000-4000-8000-000000000187', 'Red - Burning Mountain', 'SGPM-06-RD-23__VARIANT_47029865414979', NULL, 24.95, NULL, NULL, NULL, (SELECT "id" FROM "Store" WHERE "slug" = 'arcane-fortress'), 'a0000001-0000-4000-8000-000000000001', 'd0000001-0000-4000-8000-00000000003c', true, CURRENT_TIMESTAMP, '00000000-0000-4000-8000-000000000001'),
  ('c0000001-0000-4000-8000-000000000188', 'Green - Mythical Forest', 'SGPM-05-GR-23__VARIANT_47029865447747', NULL, 24.95, NULL, NULL, NULL, (SELECT "id" FROM "Store" WHERE "slug" = 'arcane-fortress'), 'a0000001-0000-4000-8000-000000000001', 'd0000001-0000-4000-8000-00000000003c', true, CURRENT_TIMESTAMP, '00000000-0000-4000-8000-000000000001'),
  ('c0000001-0000-4000-8000-000000000189', 'Pink - Blossom Grace', 'SGPM-01-PK-23__VARIANT_47029865513283', NULL, 24.95, NULL, NULL, NULL, (SELECT "id" FROM "Store" WHERE "slug" = 'arcane-fortress'), 'a0000001-0000-4000-8000-000000000001', 'd0000001-0000-4000-8000-00000000003c', true, CURRENT_TIMESTAMP, '00000000-0000-4000-8000-000000000001'),
  ('c0000001-0000-4000-8000-00000000018a', 'Red/Blue - Fire and Ice Dragon', 'SGPM-07-DR-23__VARIANT_47727166325059', NULL, 24.95, NULL, NULL, NULL, (SELECT "id" FROM "Store" WHERE "slug" = 'arcane-fortress'), 'a0000001-0000-4000-8000-000000000001', 'd0000001-0000-4000-8000-00000000003c', true, CURRENT_TIMESTAMP, '00000000-0000-4000-8000-000000000001'),
  ('c0000001-0000-4000-8000-00000000018b', 'Cream Dream', 'IS-STD-CR', NULL, 5.95, NULL, NULL, NULL, (SELECT "id" FROM "Store" WHERE "slug" = 'arcane-fortress'), 'a0000001-0000-4000-8000-000000000001', 'd0000001-0000-4000-8000-00000000003d', true, CURRENT_TIMESTAMP, '00000000-0000-4000-8000-000000000001'),
  ('c0000001-0000-4000-8000-00000000018c', 'Blue Ocean', 'IS-STD-BL', NULL, 5.95, NULL, NULL, NULL, (SELECT "id" FROM "Store" WHERE "slug" = 'arcane-fortress'), 'a0000001-0000-4000-8000-000000000001', 'd0000001-0000-4000-8000-00000000003d', true, CURRENT_TIMESTAMP, '00000000-0000-4000-8000-000000000001'),
  ('c0000001-0000-4000-8000-00000000018d', 'Phantom Purple', 'IS-STD-PP', NULL, 5.95, NULL, NULL, NULL, (SELECT "id" FROM "Store" WHERE "slug" = 'arcane-fortress'), 'a0000001-0000-4000-8000-000000000001', 'd0000001-0000-4000-8000-00000000003d', true, CURRENT_TIMESTAMP, '00000000-0000-4000-8000-000000000001'),
  ('c0000001-0000-4000-8000-00000000018e', 'Red Ember', 'IS-STD-RD', NULL, 5.95, NULL, NULL, NULL, (SELECT "id" FROM "Store" WHERE "slug" = 'arcane-fortress'), 'a0000001-0000-4000-8000-000000000001', 'd0000001-0000-4000-8000-00000000003d', true, CURRENT_TIMESTAMP, '00000000-0000-4000-8000-000000000001'),
  ('c0000001-0000-4000-8000-00000000018f', 'Green Grove', 'IS-STD-GR', NULL, 5.95, NULL, NULL, NULL, (SELECT "id" FROM "Store" WHERE "slug" = 'arcane-fortress'), 'a0000001-0000-4000-8000-000000000001', 'd0000001-0000-4000-8000-00000000003d', true, CURRENT_TIMESTAMP, '00000000-0000-4000-8000-000000000001'),
  ('c0000001-0000-4000-8000-000000000190', 'Pitch Black', 'IS-STD-BK', NULL, 5.95, NULL, NULL, NULL, (SELECT "id" FROM "Store" WHERE "slug" = 'arcane-fortress'), 'a0000001-0000-4000-8000-000000000001', 'd0000001-0000-4000-8000-00000000003d', true, CURRENT_TIMESTAMP, '00000000-0000-4000-8000-000000000001'),
  ('c0000001-0000-4000-8000-000000000191', 'White Radiance', 'IS-STD-WH', NULL, 5.95, NULL, NULL, NULL, (SELECT "id" FROM "Store" WHERE "slug" = 'arcane-fortress'), 'a0000001-0000-4000-8000-000000000001', 'd0000001-0000-4000-8000-00000000003d', true, CURRENT_TIMESTAMP, '00000000-0000-4000-8000-000000000001'),
  ('c0000001-0000-4000-8000-000000000192', 'Pink Blossom', 'IS-STD-PK', NULL, 5.95, NULL, NULL, NULL, (SELECT "id" FROM "Store" WHERE "slug" = 'arcane-fortress'), 'a0000001-0000-4000-8000-000000000001', 'd0000001-0000-4000-8000-00000000003d', true, CURRENT_TIMESTAMP, '00000000-0000-4000-8000-000000000001');
